.metric,.estimator,.estimate
rsq,standard,0.8872470601848721
rmse,standard,2.76193518933612
mape,standard,6.796433832515349
mae,standard,1.7839359799996797
